fname,lname,email,phone,address,cote,isf,expose,entourage_expose
Sandra,Butler,sbutler0@cdbaby.com,86-(861)847-3308,8276 Northview Alley,true,false,false,false
Timothy,Williamson,twilliamson1@4shared.com,7-(220)729-3474,9 Graceland Court,true,false,false,true
Beverly,Hernandez,bhernandez2@indiatimes.com,7-(541)188-0849,82 Northridge Place,false,false,true,false
Kathryn,Henderson,khenderson3@so-net.ne.jp,7-(312)861-2538,286 Vermont Circle,false,true,false,true
Diane,Grant,dgrant4@youtu.be,880-(484)147-1666,4 Granby Road,false,true,false,false
Frank,Boyd,fboyd5@chron.com,963-(300)976-6681,97976 Vernon Place,true,false,false,true
Mark,Jackson,mjackson6@cargocollective.com,27-(413)149-7186,2693 Jenna Alley,false,false,true,true
Eugene,Johnson,ejohnson7@sohu.com,98-(258)865-8990,4 Ludington Trail,true,true,true,false
Dorothy,Harrison,dharrison8@psu.edu,358-(853)454-7784,2909 Kim Park,true,true,false,true
Johnny,Spencer,jspencer9@blog.com,33-(688)648-8375,037 Valley Edge Avenue,false,true,true,true
Lawrence,Meyer,lmeyera@wordpress.com,95-(685)110-4315,7784 Russell Lane,false,true,true,false
Frank,Jackson,fjacksonb@goo.gl,46-(181)408-1222,8969 Moulton Road,true,false,true,true
Richard,Arnold,rarnoldc@stumbleupon.com,33-(596)689-7864,03 Caliangt Crossing,true,true,true,false
David,Adams,dadamsd@sogou.com,355-(465)361-7982,709 Wayridge Parkway,false,true,true,false
Paula,Crawford,pcrawforde@ihg.com,261-(643)617-3453,5060 Hermina Alley,false,false,false,true
Clarence,Cruz,ccruzf@a8.net,254-(635)476-3555,8 Namekagon Park,true,false,false,true
Helen,Fuller,hfullerg@intel.com,33-(270)748-2843,3720 Luster Point,true,true,true,false
Thomas,Webb,twebbh@blogtalkradio.com,62-(904)841-7104,612 7th Trail,false,false,true,true
Bobby,Ward,bwardi@reuters.com,62-(844)374-6882,315 John Wall Hill,true,false,true,false
Ernest,Lane,elanej@icio.us,380-(471)544-4177,72 Graceland Court,false,false,false,true
Roger,Meyer,rmeyerk@huffingtonpost.com,98-(608)674-0271,39 Trailsway Crossing,true,false,false,true
Jeffrey,Frazier,jfrazierl@lycos.com,63-(547)898-9334,9555 Independence Lane,false,true,true,true
Gary,Simpson,gsimpsonm@yellowbook.com,7-(800)137-4060,486 Troy Way,true,false,true,false
Paul,Brown,pbrownn@hibu.com,62-(291)791-0147,07475 Forest Terrace,true,true,true,true
Eric,Foster,efostero@about.me,63-(937)254-4807,839 Jana Junction,false,false,false,true
Todd,Murphy,tmurphyp@loc.gov,47-(457)635-9309,4946 Moland Court,true,false,false,false
Annie,Griffin,agriffinq@soup.io,62-(807)661-2092,380 Farragut Alley,false,true,false,false
Ronald,Olson,rolsonr@whitehouse.gov,7-(292)388-3874,662 Fisk Alley,true,true,true,false
Juan,Long,jlongs@cnet.com,86-(731)734-8153,9698 Shoshone Junction,false,false,true,true
Linda,Hart,lhartt@engadget.com,86-(248)899-9713,90 Pierstorff Pass,false,true,false,false
Rose,Andrews,randrewsu@infoseek.co.jp,62-(438)765-7258,0955 Hauk Trail,false,true,true,true
Arthur,Cruz,acruzv@vistaprint.com,86-(968)909-9034,7 Summer Ridge Terrace,false,false,true,false
Randy,Austin,raustinw@oakley.com,86-(733)947-3438,2362 Dwight Plaza,false,true,true,false
Ralph,Walker,rwalkerx@hexun.com,55-(685)575-9772,00 Bay Road,true,true,true,true
Clarence,Morgan,cmorgany@msn.com,233-(684)780-4357,13 Susan Park,true,false,false,false
Shawn,Grant,sgrantz@shareasale.com,30-(880)728-9386,8 American Junction,false,false,false,true
William,Carr,wcarr10@dailymotion.com,966-(507)409-3294,03063 Schurz Road,true,true,true,false
Jack,Matthews,jmatthews11@ihg.com,970-(690)856-4936,85 Melrose Center,false,true,true,false
Gary,Ferguson,gferguson12@yellowbook.com,420-(686)426-9093,06225 Clyde Gallagher Hill,true,true,false,false
Clarence,Sims,csims13@about.me,44-(827)238-0255,9 Nevada Junction,false,false,false,true
Cynthia,Alexander,calexander14@usnews.com,81-(242)110-8487,79 Birchwood Court,false,false,true,true
Alan,Washington,awashington15@gov.uk,47-(851)386-4349,8 Oriole Avenue,false,false,false,true
Andrea,Banks,abanks16@bbb.org,229-(328)615-5727,34 Stone Corner Junction,true,true,true,false
Marie,Reid,mreid17@washingtonpost.com,86-(254)812-3724,1465 Becker Center,true,false,false,true
Elizabeth,Murphy,emurphy18@artisteer.com,53-(944)345-5965,022 Reinke Terrace,true,true,false,true
Anna,Hughes,ahughes19@moonfruit.com,62-(206)804-6593,7 Monica Center,true,true,false,false
Janice,Hamilton,jhamilton1a@mayoclinic.com,1-(314)440-1456,5 Ridge Oak Alley,false,true,true,true
Kenneth,Simpson,ksimpson1b@china.com.cn,62-(657)887-4393,42 Lawn Center,true,false,false,true
Gerald,Davis,gdavis1c@homestead.com,86-(636)878-1192,9741 Farmco Avenue,false,true,false,false
Matthew,Fields,mfields1d@squidoo.com,56-(327)154-8434,301 Sunnyside Crossing,true,false,true,false
Ann,Gomez,agomez1e@ycombinator.com,355-(128)623-7565,4 Waywood Drive,false,false,false,true
Tina,Fields,tfields1f@nsw.gov.au,62-(729)114-0166,21104 Oxford Street,true,true,true,false
Elizabeth,Spencer,espencer1g@nydailynews.com,420-(751)683-5847,1 Waywood Place,false,false,false,true
Judith,Freeman,jfreeman1h@state.gov,63-(972)293-6242,07 Anderson Plaza,false,false,true,true
Cynthia,Schmidt,cschmidt1i@angelfire.com,242-(937)601-9819,7 3rd Trail,false,false,true,true
Juan,Clark,jclark1j@example.com,33-(984)114-8989,72 Packers Drive,false,true,true,true
Kenneth,Freeman,kfreeman1k@buzzfeed.com,33-(683)774-5437,93 Waubesa Street,true,true,true,false
Amanda,Sanchez,asanchez1l@engadget.com,86-(568)317-8388,00304 Barby Center,false,true,true,true
Evelyn,Hudson,ehudson1m@delicious.com,380-(990)334-3804,3442 Starling Junction,true,false,true,false
Gloria,Ramirez,gramirez1n@technorati.com,63-(268)472-0140,34989 Westerfield Circle,true,false,false,true
Lisa,Parker,lparker1o@pinterest.com,224-(559)383-6015,16917 Kennedy Avenue,false,true,false,true
Michelle,Howard,mhoward1p@hibu.com,62-(633)245-9381,264 Maywood Pass,true,false,true,true
Kathy,Oliver,koliver1q@foxnews.com,62-(899)855-5950,5438 Pennsylvania Hill,false,true,false,false
Norma,Reid,nreid1r@prlog.org,33-(765)701-9002,7090 Chinook Pass,false,false,false,true
Sara,Thomas,sthomas1s@privacy.gov.au,98-(589)891-0733,6 Ruskin Crossing,false,false,false,false
Steve,Hawkins,shawkins1t@yahoo.co.jp,54-(415)790-1903,14 Pennsylvania Park,true,true,false,false
Jane,Harris,jharris1u@artisteer.com,46-(579)810-9636,93 Tennyson Center,false,false,true,true
Harry,Brown,hbrown1v@blog.com,506-(388)753-0272,20368 Golf Avenue,false,false,true,true
Elizabeth,Rivera,erivera1w@delicious.com,7-(901)738-3327,6 Graedel Hill,false,false,true,false
Victor,Bryant,vbryant1x@alibaba.com,63-(219)489-8198,3159 Tennessee Drive,false,true,false,false
Cheryl,Willis,cwillis1y@posterous.com,86-(272)450-2181,224 Norway Maple Trail,true,true,false,false
Harold,Hanson,hhanson1z@goodreads.com,86-(462)666-1729,79402 Forster Street,false,true,false,false
Dorothy,Reyes,dreyes20@google.co.jp,51-(135)329-0297,95057 Glendale Point,true,false,true,false
Sandra,Kennedy,skennedy21@ucsd.edu,263-(621)654-4844,80 Stuart Point,false,false,true,false
Anne,Adams,aadams22@ustream.tv,64-(382)538-3679,48307 Jenna Lane,false,true,true,true
Brenda,Mason,bmason23@trellian.com,46-(561)275-6199,42 Karstens Hill,false,true,false,true
Tina,Perry,tperry24@unc.edu,54-(900)503-0453,59 Haas Circle,true,true,true,false
Anne,Grant,agrant25@youtu.be,351-(898)858-1121,047 Milwaukee Alley,false,true,false,true
Cynthia,Price,cprice26@hud.gov,86-(991)742-8821,74 Prairieview Hill,true,false,false,true
Anna,Carroll,acarroll27@ocn.ne.jp,505-(749)144-0325,09542 Sommers Alley,true,true,true,true
Terry,George,tgeorge28@pen.io,351-(120)592-0219,20798 Hallows Lane,false,true,true,true
Wanda,Frazier,wfrazier29@mac.com,54-(343)715-7040,06151 Claremont Pass,false,false,false,false
John,Webb,jwebb2a@google.ru,86-(474)943-1565,12 Judy Crossing,false,false,true,true
Ann,Hayes,ahayes2b@time.com,86-(343)600-8813,26 Nobel Hill,true,false,false,true
Deborah,Schmidt,dschmidt2c@naver.com,62-(699)804-4908,5 Transport Crossing,false,false,false,false
Brian,Ford,bford2d@unc.edu,386-(525)103-2873,775 Daystar Parkway,true,true,false,false
Denise,Mason,dmason2e@123-reg.co.uk,86-(136)641-3822,99365 Thompson Lane,false,true,false,false
Catherine,Owens,cowens2f@vistaprint.com,353-(946)438-9926,80 Mcguire Parkway,false,true,false,true
Kimberly,Brooks,kbrooks2g@berkeley.edu,54-(104)954-1143,2 Sauthoff Junction,true,false,true,false
Margaret,Hansen,mhansen2h@dion.ne.jp,86-(797)740-8038,8 Amoth Road,false,true,false,false
Barbara,King,bking2i@adobe.com,47-(618)931-8939,6424 Cottonwood Trail,false,true,true,true
Daniel,Dean,ddean2j@vk.com,54-(180)446-8531,94 Union Place,true,true,true,true
Lillian,Campbell,lcampbell2k@exblog.jp,86-(550)570-1416,014 Farwell Circle,false,true,false,false
Bonnie,Nichols,bnichols2l@washington.edu,351-(462)126-3573,31878 Division Center,true,false,false,false
Joan,Hudson,jhudson2m@plala.or.jp,86-(484)651-4200,89 Claremont Center,false,false,true,false
Anne,Rodriguez,arodriguez2n@youku.com,81-(712)247-6445,1193 Lillian Alley,true,true,false,true
Virginia,Hayes,vhayes2o@skyrock.com,86-(745)844-1404,83 Fair Oaks Place,true,false,true,false
Martha,Bryant,mbryant2p@hp.com,63-(846)573-4285,896 Dexter Avenue,true,false,false,false
Jack,Montgomery,jmontgomery2q@techcrunch.com,212-(301)136-8795,6 Troy Way,true,true,false,false
Sean,Parker,sparker2r@ow.ly,86-(533)570-2597,234 Mandrake Place,false,false,false,true
Joseph,Robertson,jrobertson2s@elegantthemes.com,86-(354)881-4880,77598 Northland Crossing,false,true,true,true
John,Dunn,jdunn2t@purevolume.com,86-(175)259-9258,47307 Carey Street,true,true,false,false
Steve,Williams,swilliams2u@moonfruit.com,965-(180)801-8680,5 Sheridan Street,true,true,true,true
Joan,Reyes,jreyes2v@gnu.org,380-(977)910-2855,06 North Point,true,true,true,false
Paul,Taylor,ptaylor2w@auda.org.au,7-(618)847-3993,41353 Grayhawk Crossing,true,true,true,false
Carolyn,Ortiz,cortiz2x@slate.com,374-(770)670-6807,9766 Schmedeman Drive,true,true,true,false
Jeremy,Gonzales,jgonzales2y@mtv.com,86-(596)334-0222,63 Burrows Way,false,false,false,false
Karen,Mccoy,kmccoy2z@drupal.org,62-(650)891-0226,56 Linden Crossing,true,false,false,true
Andrew,Riley,ariley30@gnu.org,355-(100)758-1046,9 Drewry Trail,true,false,false,true
Amy,Peterson,apeterson31@altervista.org,55-(884)163-7486,00847 Stoughton Avenue,false,true,false,false
Cheryl,Howell,chowell32@baidu.com,381-(759)641-4591,514 Messerschmidt Street,true,false,false,true
Barbara,Elliott,belliott33@github.io,1-(344)285-8177,8758 Division Lane,true,false,false,true
Elizabeth,Harper,eharper34@zdnet.com,86-(322)803-5031,9306 Gina Trail,true,false,false,true
Joshua,Johnson,jjohnson35@myspace.com,353-(872)998-3370,4612 Hermina Point,false,false,false,true
Brenda,Banks,bbanks36@twitter.com,63-(671)180-7557,91 Sunfield Road,true,true,true,true
Frank,Gomez,fgomez37@odnoklassniki.ru,62-(187)501-0352,306 Vermont Avenue,true,false,true,true
John,Hunt,jhunt38@sciencedaily.com,46-(672)499-7590,32 Reindahl Park,true,false,false,true
Nicholas,Fuller,nfuller39@friendfeed.com,62-(931)175-6215,15037 Birchwood Parkway,true,true,false,true
Jonathan,Watkins,jwatkins3a@techcrunch.com,48-(553)545-7587,295 Oakridge Center,false,true,true,false
Harry,Bennett,hbennett3b@mayoclinic.com,356-(435)470-0462,42427 Eagle Crest Avenue,false,false,true,false
Bruce,Williams,bwilliams3c@redcross.org,86-(965)582-9765,87700 Luster Point,true,false,true,true
Mildred,Wallace,mwallace3d@furl.net,62-(119)942-5551,6 Transport Plaza,true,false,false,false
Lois,Lee,llee3e@mac.com,86-(884)236-3069,8219 1st Lane,true,false,false,true
Nicholas,Romero,nromero3f@mozilla.org,48-(852)288-2662,13366 Hauk Way,false,false,false,true
Bonnie,Clark,bclark3g@google.it,380-(208)986-4814,769 Moulton Trail,false,false,true,false
Janet,Hall,jhall3h@umich.edu,351-(611)290-0042,98084 Duke Lane,false,true,false,false
Bonnie,Day,bday3i@yale.edu,595-(662)257-0520,198 Monica Crossing,true,false,true,true
Diana,Nelson,dnelson3j@barnesandnoble.com,86-(408)605-9985,3784 Stone Corner Plaza,true,true,true,true
Eugene,Howard,ehoward3k@plala.or.jp,62-(581)546-0152,2040 Grasskamp Lane,false,false,false,true
Rachel,Medina,rmedina3l@mapquest.com,86-(366)104-4870,355 Birchwood Crossing,false,false,false,true
Wanda,Stephens,wstephens3m@printfriendly.com,7-(175)219-3767,38 Nelson Pass,true,true,false,false
Johnny,Banks,jbanks3n@ning.com,420-(611)628-2482,30 Twin Pines Drive,true,true,true,false
Ann,Little,alittle3o@wix.com,30-(960)905-0849,6 Corben Point,false,false,false,false
Joyce,Barnes,jbarnes3p@businessinsider.com,7-(367)102-7935,8 Northland Circle,true,true,true,true
Patricia,Webb,pwebb3q@bizjournals.com,62-(576)777-3426,2409 Bunker Hill Drive,false,true,false,false
Robert,Fowler,rfowler3r@jugem.jp,380-(787)474-9601,0 Ruskin Circle,false,false,true,true
Maria,Howell,mhowell3s@com.com,218-(750)966-3611,437 Springview Center,false,false,true,false
Christine,Moore,cmoore3t@prweb.com,420-(384)763-6427,61405 Ruskin Junction,false,false,false,false
Steve,Foster,sfoster3u@weather.com,48-(911)978-9615,933 Longview Terrace,true,false,false,false
Deborah,Woods,dwoods3v@i2i.jp,55-(916)237-3214,26227 Mayer Road,true,false,false,true
George,Bowman,gbowman3w@google.de,81-(489)174-1775,36 Eliot Alley,false,true,true,true
Rose,Morales,rmorales3x@nature.com,86-(991)955-8467,48 Grim Hill,true,false,false,false
Cynthia,Ruiz,cruiz3y@addthis.com,420-(752)251-6571,88210 Loeprich Point,false,true,true,false
Jerry,Stephens,jstephens3z@icq.com,373-(946)645-2377,75 Pond Circle,true,false,false,true
Jerry,Medina,jmedina40@independent.co.uk,33-(457)398-5416,60 Shoshone Terrace,true,true,false,true
Jessica,Murray,jmurray41@weibo.com,995-(444)215-5980,61 Blue Bill Park Hill,false,true,true,false
Raymond,Robinson,rrobinson42@hatena.ne.jp,251-(798)758-2796,9502 Melody Drive,false,true,false,false
Robin,Hunter,rhunter43@dailymotion.com,86-(991)642-6299,97 Briar Crest Point,false,true,false,false
Helen,White,hwhite44@vimeo.com,62-(930)313-8707,72 Shelley Terrace,false,false,true,false
Christina,Riley,criley45@ezinearticles.com,593-(649)724-6045,57695 Warbler Drive,false,true,true,false
Howard,Shaw,hshaw46@un.org,51-(467)646-6147,42 Nancy Lane,true,true,true,true
Margaret,Griffin,mgriffin47@youtu.be,51-(135)852-5143,468 Warner Lane,false,true,false,true
Howard,Gonzales,hgonzales48@bravesites.com,299-(897)343-1827,682 Ludington Circle,false,false,false,true
Jason,Coleman,jcoleman49@sakura.ne.jp,33-(469)446-4414,57861 Maryland Hill,false,false,true,true
Shirley,Black,sblack4a@bloglines.com,385-(852)175-1062,1794 Dottie Lane,true,false,false,false
Irene,Jenkins,ijenkins4b@economist.com,33-(265)429-5586,64 Waubesa Alley,false,false,true,false
Aaron,Rogers,arogers4c@springer.com,351-(279)730-6287,890 Bay Road,false,false,true,true
Carolyn,Davis,cdavis4d@reuters.com,48-(745)898-8469,692 Manufacturers Crossing,true,false,true,true
Benjamin,Williams,bwilliams4e@simplemachines.org,86-(460)820-7932,37 Gateway Junction,false,false,true,true
Jennifer,Harrison,jharrison4f@utexas.edu,46-(212)441-7128,45 Maple Wood Road,true,true,true,true
Jack,Price,jprice4g@photobucket.com,63-(673)445-1308,08532 Burrows Center,true,false,false,false
Henry,Greene,hgreene4h@paginegialle.it,51-(337)295-3985,34086 Hanson Avenue,true,true,true,false
Pamela,Baker,pbaker4i@who.int,387-(915)734-3642,569 Little Fleur Drive,false,false,true,true
Amanda,Burns,aburns4j@cafepress.com,56-(962)240-0520,1 Leroy Street,true,true,false,false
Rachel,Russell,rrussell4k@yahoo.co.jp,86-(117)266-2180,57902 Bultman Avenue,true,false,false,false
Adam,Foster,afoster4l@simplemachines.org,86-(909)598-2129,1117 Commercial Park,true,false,false,false
Daniel,Roberts,droberts4m@a8.net,48-(146)831-6416,0310 Crownhardt Plaza,false,true,true,false
Randy,Castillo,rcastillo4n@blogspot.com,1-(158)575-0380,2402 Vera Pass,false,true,true,false
Roy,Vasquez,rvasquez4o@bizjournals.com,55-(773)400-2864,9100 Mockingbird Place,false,true,false,false
Jean,Young,jyoung4p@fastcompany.com,86-(565)495-7908,60 Kim Avenue,false,false,false,true
Carl,Long,clong4q@sogou.com,62-(983)550-2431,62145 Homewood Circle,false,false,true,false
Diana,Franklin,dfranklin4r@census.gov,62-(759)357-3103,598 Banding Junction,true,false,false,false
Christine,Larson,clarson4s@about.com,1-(883)944-0182,8747 Melody Place,true,true,false,true
Lawrence,Ferguson,lferguson4t@smugmug.com,86-(569)809-5145,7 Quincy Park,false,false,false,false
Rachel,Carter,rcarter4u@friendfeed.com,370-(251)855-0886,849 1st Way,false,false,false,false
Diana,Lawrence,dlawrence4v@marriott.com,970-(998)381-8142,83 David Parkway,false,true,false,true
Donald,Bradley,dbradley4w@samsung.com,30-(296)113-0158,93 Truax Road,true,true,true,true
Stephanie,Garrett,sgarrett4x@cisco.com,7-(186)993-7372,517 Main Lane,false,true,false,false
Alan,Russell,arussell4y@abc.net.au,62-(439)211-7441,09 Artisan Drive,false,true,true,true
Mildred,Nichols,mnichols4z@google.it,57-(372)684-6016,48 Shopko Pass,false,false,false,false
Jerry,Perry,jperry50@github.com,856-(920)100-6388,71 Stoughton Alley,true,false,true,true
Benjamin,King,bking51@skype.com,46-(626)742-9275,65556 Hayes Lane,false,true,true,false
Carol,Wagner,cwagner52@youtube.com,57-(576)569-5218,35363 Pawling Parkway,true,true,false,false
Anne,Willis,awillis53@qq.com,351-(788)119-2985,08450 Kim Place,true,false,true,false
Juan,Martin,jmartin54@macromedia.com,86-(942)749-8812,318 David Trail,true,false,true,false
Wanda,Reynolds,wreynolds55@joomla.org,63-(377)473-5363,8 Lukken Drive,true,true,false,true
Beverly,Lewis,blewis56@newyorker.com,7-(476)846-1119,4274 Hanson Circle,false,false,false,false
Jennifer,Rose,jrose57@infoseek.co.jp,7-(870)898-6362,6820 Drewry Pass,false,false,false,false
Gerald,Robinson,grobinson58@noaa.gov,7-(896)582-8599,90605 Hooker Terrace,false,true,false,false
Jacqueline,Harris,jharris59@sciencedirect.com,255-(682)919-6474,668 Hayes Drive,true,true,false,true
Gloria,Reed,greed5a@harvard.edu,55-(464)132-2336,8 Macpherson Parkway,true,false,false,true
Tammy,Black,tblack5b@webeden.co.uk,254-(190)810-4361,50 Browning Avenue,true,true,true,true
Brandon,Edwards,bedwards5c@dedecms.com,380-(771)228-5615,6517 Harbort Place,false,false,false,true
Andrew,Frazier,afrazier5d@sourceforge.net,1-(594)469-8196,81707 Elgar Pass,true,true,false,false
Christopher,Burke,cburke5e@wordpress.org,60-(878)517-9541,6896 Bowman Circle,false,false,true,false
George,Gonzales,ggonzales5f@aboutads.info,7-(295)834-7333,81897 New Castle Avenue,true,false,true,false
Eugene,Payne,epayne5g@japanpost.jp,1-(682)847-4666,74774 Clove Lane,false,false,false,false
Lois,Franklin,lfranklin5h@phoca.cz,82-(556)396-4101,663 Pearson Junction,true,false,false,false
Shawn,Woods,swoods5i@fotki.com,92-(345)351-4744,16935 Esker Point,true,true,false,true
Terry,Gonzales,tgonzales5j@liveinternet.ru,86-(726)868-1145,5 Hollow Ridge Place,true,true,false,false
William,Chapman,wchapman5k@google.ca,52-(346)283-9528,081 Boyd Court,false,true,true,true
Cheryl,Perkins,cperkins5l@amazon.com,62-(882)743-7013,3948 Hoffman Drive,false,false,false,false
Martin,Kelly,mkelly5m@auda.org.au,420-(750)355-2944,56 School Way,true,true,false,true
Linda,Dunn,ldunn5n@wired.com,86-(323)908-0233,10 West Plaza,false,false,false,true
Keith,Holmes,kholmes5o@apple.com,62-(730)216-7872,919 Artisan Pass,true,true,false,true
Anne,Bailey,abailey5p@t-online.de,351-(497)484-8695,19 Michigan Lane,false,true,false,true
Judith,Nichols,jnichols5q@storify.com,1-(670)840-7235,3331 Helena Place,false,true,false,false
Catherine,White,cwhite5r@sciencedirect.com,970-(733)446-0270,146 Talisman Place,false,false,true,true
James,Green,jgreen5s@bbb.org,55-(669)172-2536,72416 Kim Court,false,false,true,false
Cynthia,Baker,cbaker5t@aol.com,420-(757)283-2879,618 Prairie Rose Way,false,false,true,false
Christopher,Little,clittle5u@latimes.com,62-(891)458-0788,767 Armistice Crossing,true,true,false,false
Tammy,Kelley,tkelley5v@cargocollective.com,86-(600)744-8065,33726 Graceland Court,true,true,false,false
Anna,Baker,abaker5w@dell.com,255-(895)756-4554,779 Ronald Regan Road,false,true,false,true
Gerald,Campbell,gcampbell5x@ca.gov,54-(571)950-3361,9337 Kipling Road,true,false,true,true
Julia,Austin,jaustin5y@people.com.cn,249-(862)201-9912,193 Vernon Center,false,true,true,false
Michelle,Ramos,mramos5z@acquirethisname.com,670-(798)535-7380,8520 Marcy Park,true,false,false,true
Jessica,Mccoy,jmccoy60@europa.eu,62-(431)427-0057,2559 Hoard Way,false,true,true,false
Emily,Butler,ebutler61@narod.ru,33-(919)929-8098,27 Arkansas Place,true,false,true,false
Betty,Gonzales,bgonzales62@bigcartel.com,81-(907)499-5741,41 Blue Bill Park Park,true,true,true,true
Antonio,Cruz,acruz63@bandcamp.com,504-(463)953-8406,331 Homewood Pass,false,true,false,false
Russell,Banks,rbanks64@bandcamp.com,1-(651)881-4651,315 Pond Point,true,false,false,true
Anthony,Garza,agarza65@webmd.com,62-(322)250-7166,6480 David Court,true,false,true,false
Barbara,Rivera,brivera66@unc.edu,86-(804)142-1729,3974 Mosinee Junction,true,true,false,false
James,Mcdonald,jmcdonald67@reddit.com,387-(460)433-5597,72253 Macpherson Center,false,true,false,false
Amy,Hawkins,ahawkins68@engadget.com,351-(505)456-9397,235 Maple Alley,true,true,true,false
Douglas,Sims,dsims69@zdnet.com,856-(482)748-0113,19787 Elka Point,true,false,true,false
Jack,Gibson,jgibson6a@nature.com,55-(700)867-3778,892 Algoma Street,false,true,true,false
Thomas,Franklin,tfranklin6b@unblog.fr,63-(883)157-9794,1 Comanche Pass,true,false,false,true
Carl,Rodriguez,crodriguez6c@earthlink.net,55-(310)961-8944,13 South Drive,true,true,true,true
Joan,Smith,jsmith6d@time.com,7-(402)268-7625,31 Scott Junction,false,true,false,true
Helen,Robertson,hrobertson6e@wikimedia.org,33-(314)286-8205,88 Huxley Junction,true,true,true,true
Randy,Ellis,rellis6f@businessweek.com,86-(658)480-5765,045 Heffernan Parkway,true,false,true,true
Gloria,Perez,gperez6g@google.nl,963-(858)999-3336,8470 Morningstar Hill,true,false,true,false
Joseph,Roberts,jroberts6h@squarespace.com,62-(607)205-0559,18488 Pleasure Park,false,false,false,true
Samuel,Harper,sharper6i@mozilla.org,48-(549)662-2460,59 Saint Paul Circle,false,false,false,true
Alice,Bell,abell6j@cdc.gov,63-(904)487-1178,33347 Banding Hill,false,false,true,true
Rebecca,Jacobs,rjacobs6k@blogger.com,7-(926)388-8148,539 Hermina Street,true,false,true,false
Diane,Rose,drose6l@loc.gov,86-(844)592-3593,847 Trailsway Park,true,true,true,false
Carl,Russell,crussell6m@samsung.com,62-(728)846-0763,6 Summer Ridge Alley,true,true,false,false
Jennifer,Moore,jmoore6n@cafepress.com,46-(598)798-6603,93675 Burrows Hill,true,false,true,false
Charles,Collins,ccollins6o@studiopress.com,48-(524)381-3936,82 Goodland Point,true,true,true,true
Robert,Austin,raustin6p@epa.gov,86-(480)182-3388,84 2nd Street,true,false,true,false
Walter,Olson,wolson6q@gov.uk,48-(221)740-2036,3547 Sommers Junction,false,false,false,true
Beverly,Marshall,bmarshall6r@spotify.com,223-(327)173-8966,549 Schlimgen Plaza,false,false,false,false
John,Ellis,jellis6s@dedecms.com,380-(279)500-8898,5 Petterle Court,false,false,true,true
Susan,Brown,sbrown6t@wikispaces.com,86-(798)933-8157,27264 Mosinee Road,true,false,true,false
Chris,Henry,chenry6u@usa.gov,993-(297)266-9461,393 Pearson Court,false,false,false,false
Adam,Cruz,acruz6v@phpbb.com,48-(495)981-3164,46463 6th Terrace,false,true,true,true
Paula,Washington,pwashington6w@state.tx.us,254-(489)337-7236,51 Evergreen Crossing,false,false,true,false